date,gpu_model,series,usd_per_gpu_hour
2026-09-29,B300,index,7.89
2026-09-29,B300,hyperscaler,17.802
2026-09-29,B300,neocloud,7.89
2026-09-29,B300,marketplace,6.94
2026-09-29,B200,index,6.84
2026-09-29,B200,hyperscaler,14.242
2026-09-29,B200,neocloud,6.815
2026-09-29,B200,marketplace,7.054
2026-09-29,H200,index,4.804
2026-09-29,H200,hyperscaler,10.846
2026-09-29,H200,neocloud,4.59
2026-09-29,H200,marketplace,4.197
2026-09-29,H100,index,3.815
2026-09-29,H100,hyperscaler,12.117
2026-09-29,H100,neocloud,3.815
2026-09-29,H100,marketplace,2.946
2026-09-29,H100,spot,2.953
2026-09-29,H100-NVL,index,3.109
2026-09-29,H100-NVL,hyperscaler,9.074
2026-09-29,H100-NVL,neocloud,3.19
2026-09-29,H100-NVL,marketplace,2.809
2026-09-29,H100-NVL,spot,1.836
2026-09-29,H100-PCIe,index,2.739
2026-09-29,H100-PCIe,neocloud,3.09
2026-09-29,H100-PCIe,marketplace,2.289
2026-09-29,MI300X,index,2.39
2026-09-29,MI300X,hyperscaler,7.5
2026-09-29,MI300X,neocloud,2.39
2026-09-29,MI300X,marketplace,0.5
2026-09-29,MI300X,spot,1.386
2026-09-29,A100-80GB,index,2.19
2026-09-29,A100-80GB,hyperscaler,4.378
2026-09-29,A100-80GB,neocloud,2.19
2026-09-29,A100-80GB,marketplace,1.336
2026-09-29,A100-80GB,spot,1.464
2026-09-29,A100-80GB-PCIe,index,1.39
2026-09-29,A100-80GB-PCIe,hyperscaler,4.775
2026-09-29,A100-80GB-PCIe,neocloud,1.59
2026-09-29,A100-80GB-PCIe,marketplace,1.062
2026-09-29,A100-80GB-PCIe,spot,0.882
2026-09-29,A100-40GB,index,1.99
2026-09-29,A100-40GB,hyperscaler,3.686
2026-09-29,A100-40GB,neocloud,1.99
2026-09-29,A100-40GB,marketplace,0.834
2026-09-29,A100-40GB,spot,0.885
2026-09-29,L40S,index,0.945
2026-09-29,L40S,hyperscaler,2.699
2026-09-29,L40S,neocloud,1.09
2026-09-29,L40S,marketplace,0.795
